sim_id,makespan,total_penalty,late_harvests,status,error
0,,,,ERROR,Unable to retrieve attribute 'X'
1,40.0,20.24999907555481,10.0,OK,
2,,,,ERROR,Unable to retrieve attribute 'X'
3,,,,ERROR,Unable to retrieve attribute 'X'
4,40.0,18.749998152348997,11.0,OK,
5,,,,ERROR,Unable to retrieve attribute 'X'
6,41.0,27.74999861890941,8.0,OK,
7,,,,ERROR,Unable to retrieve attribute 'X'
8,40.0,23.999994683860486,10.0,OK,
9,41.0,26.24999766977082,7.0,OK,
10,,,,ERROR,Unable to retrieve attribute 'X'
11,,,,ERROR,Unable to retrieve attribute 'X'
12,,,,ERROR,Unable to retrieve attribute 'X'
13,,,,ERROR,Unable to retrieve attribute 'X'
14,41.0,24.74999907927294,4.0,OK,
15,41.0,23.24999769818235,4.0,OK,
16,41.0,22.499997695455722,6.0,OK,
17,40.0,24.74999819190164,10.0,OK,
18,,,,ERROR,Unable to retrieve attribute 'X'
19,,,,ERROR,Unable to retrieve attribute 'X'
20,41.0,24.74999907927294,7.0,OK,
21,41.0,29.24999953963647,8.0,OK,
22,41.0,21.74999953963647,5.0,OK,
23,,,,ERROR,Unable to retrieve attribute 'X'
24,41.0,28.49999907555481,7.0,OK,
25,,,,ERROR,Unable to retrieve attribute 'X'
26,,,,ERROR,Unable to retrieve attribute 'X'
27,,,,ERROR,Unable to retrieve attribute 'X'
28,,,,ERROR,Unable to retrieve attribute 'X'
29,40.0,19.49999815482775,10.0,OK,
30,41.0,25.49999907555481,6.0,OK,
31,,,,ERROR,Unable to retrieve attribute 'X'
32,41.0,23.24999861890941,4.0,OK,
33,41.0,20.24999861519128,8.0,OK,
34,40.0,25.499997230188253,12.0,OK,
35,40.0,23.24999953591834,11.0,OK,
36,41.0,27.74999907927294,6.0,OK,
37,41.0,24.749997698182348,6.0,OK,
38,,,,ERROR,Unable to retrieve attribute 'X'
39,40.0,18.74999907555481,9.0,OK,
40,41.0,23.24999815854588,6.0,OK,
41,41.0,30.749998158545882,10.0,OK,
42,41.0,26.999996186505992,5.0,OK,
43,41.0,23.249997503028244,6.0,OK,
44,41.0,30.0,7.0,OK,
45,42.0,30.74999861890941,5.0,OK,
46,,,,ERROR,Unable to retrieve attribute 'X'
47,41.0,26.99999723781882,7.0,OK,
48,,,,ERROR,Unable to retrieve attribute 'X'
49,40.0,22.49999861519128,11.0,OK,
50,,,,ERROR,Unable to retrieve attribute 'X'
51,,,,ERROR,Unable to retrieve attribute 'X'
52,41.0,27.74999731842759,6.0,OK,
53,,,,ERROR,Unable to retrieve attribute 'X'
54,,,,ERROR,Unable to retrieve attribute 'X'
55,,,,ERROR,Unable to retrieve attribute 'X'
56,41.0,27.74999815854588,7.0,OK,
57,41.0,32.99999936638935,9.0,OK,
58,,,,ERROR,Unable to retrieve attribute 'X'
59,,,,ERROR,Unable to retrieve attribute 'X'
60,41.0,25.49999753351298,6.0,OK,
61,,,,ERROR,Unable to retrieve attribute 'X'
62,,,,ERROR,Unable to retrieve attribute 'X'
63,40.0,19.499998158545882,11.0,OK,
64,,,,ERROR,Unable to retrieve attribute 'X'
65,,,,ERROR,Unable to retrieve attribute 'X'
66,41.0,22.49999861890941,6.0,OK,
67,,,,ERROR,Unable to retrieve attribute 'X'
68,41.0,18.749999473004024,5.0,OK,
69,41.0,23.24999885909732,6.0,OK,
70,41.0,26.99999815851263,6.0,OK,
71,,,,ERROR,Unable to retrieve attribute 'X'
72,40.0,17.249998154827754,9.0,OK,
73,,,,ERROR,Unable to retrieve attribute 'X'
74,,,,ERROR,Unable to retrieve attribute 'X'
75,,,,ERROR,Unable to retrieve attribute 'X'
76,,,,ERROR,Unable to retrieve attribute 'X'
77,42.0,34.49999912399398,6.0,OK,
78,40.0,20.99999493576842,10.0,OK,
79,41.0,26.24999907927294,6.0,OK,
80,40.0,23.249993572507748,9.0,OK,
81,,,,ERROR,Unable to retrieve attribute 'X'
82,40.0,24.74999861890941,11.0,OK,
83,,,,ERROR,Unable to retrieve attribute 'X'
84,,,,ERROR,Unable to retrieve attribute 'X'
85,,,,ERROR,Unable to retrieve attribute 'X'
86,41.0,23.24998735379655,5.0,OK,
87,41.0,14.99999953963647,5.0,OK,
88,41.0,28.499998147391494,7.0,OK,
89,,,,ERROR,Unable to retrieve attribute 'X'
90,,,,ERROR,Unable to retrieve attribute 'X'
91,41.0,22.499999488602533,7.0,OK,
92,41.0,22.49999368806649,6.0,OK,
93,,,,ERROR,Unable to retrieve attribute 'X'
94,41.0,26.999997572449402,6.0,OK,
95,,,,ERROR,Unable to retrieve attribute 'X'
96,41.0,26.24999723781882,7.0,OK,
97,40.0,21.74999907927294,12.0,OK,
98,,,,ERROR,Unable to retrieve attribute 'X'
99,,,,ERROR,Unable to retrieve attribute 'X'
100,42.0,30.74999331242817,5.0,OK,
101,40.0,23.99999861890941,11.0,OK,
102,,,,ERROR,Unable to retrieve attribute 'X'
103,,,,ERROR,Unable to retrieve attribute 'X'
104,41.0,22.499997698182348,5.0,OK,
105,41.0,22.49999861890941,5.0,OK,
106,,,,ERROR,Unable to retrieve attribute 'X'
107,41.0,24.749997209183697,5.0,OK,
108,,,,ERROR,Unable to retrieve attribute 'X'
109,40.0,15.749998618909412,10.0,OK,
110,,,,ERROR,Unable to retrieve attribute 'X'
111,,,,ERROR,Unable to retrieve attribute 'X'
112,,,,ERROR,Unable to retrieve attribute 'X'
113,40.0,18.749999075731864,11.0,OK,
114,,,,ERROR,Unable to retrieve attribute 'X'
115,41.0,32.24999888971397,9.0,OK,
116,40.0,20.999983264849586,13.0,OK,
117,,,,ERROR,Unable to retrieve attribute 'X'
118,41.0,24.7499993094549,5.0,OK,
119,,,,ERROR,Unable to retrieve attribute 'X'
120,,,,ERROR,Unable to retrieve attribute 'X'
121,40.0,17.999997397672526,9.0,OK,
122,41.0,29.24999710675049,7.0,OK,
123,40.0,16.49999723410069,10.0,OK,
124,,,,ERROR,Unable to retrieve attribute 'X'
125,,,,ERROR,Unable to retrieve attribute 'X'
126,,,,ERROR,Unable to retrieve attribute 'X'
127,40.0,17.999998662027664,11.0,OK,
128,40.0,18.7499976957036,9.0,OK,
129,,,,ERROR,Unable to retrieve attribute 'X'
130,40.0,17.99999907927294,11.0,OK,
131,41.0,24.74999723781882,5.0,OK,
132,41.0,24.749993607210854,7.0,OK,
133,,,,ERROR,Unable to retrieve attribute 'X'
134,,,,ERROR,Unable to retrieve attribute 'X'
135,,,,ERROR,Unable to retrieve attribute 'X'
136,41.0,24.749998258098614,7.0,OK,
137,,,,ERROR,Unable to retrieve attribute 'X'
138,,,,ERROR,Unable to retrieve attribute 'X'
139,,,,ERROR,Unable to retrieve attribute 'X'
140,40.0,12.74999815482775,11.0,OK,
141,41.0,26.24999911984321,7.0,OK,
142,40.0,22.49999861519128,12.0,OK,
143,,,,ERROR,Unable to retrieve attribute 'X'
144,41.0,27.749995856728233,6.0,OK,
145,,,,ERROR,Unable to retrieve attribute 'X'
146,,,,ERROR,Unable to retrieve attribute 'X'
147,,,,ERROR,Unable to retrieve attribute 'X'
148,41.0,29.99999723410069,7.0,OK,
149,,,,ERROR,Unable to retrieve attribute 'X'
150,,,,ERROR,Unable to retrieve attribute 'X'
151,,,,ERROR,Unable to retrieve attribute 'X'
152,40.0,23.25,11.0,OK,
153,,,,ERROR,Unable to retrieve attribute 'X'
154,41.0,24.74999907555481,5.0,OK,
155,40.0,20.99999723038256,11.0,OK,
156,40.0,17.99999743814337,12.0,OK,
157,41.0,24.749998350382505,6.0,OK,
158,,,,ERROR,Unable to retrieve attribute 'X'
159,,,,ERROR,Unable to retrieve attribute 'X'
160,41.0,27.74999652822217,6.0,OK,
161,41.0,25.49999815482775,5.0,OK,
162,40.0,17.99999861890941,10.0,OK,
163,40.0,26.999997680041957,11.0,OK,
164,,,,ERROR,Unable to retrieve attribute 'X'
165,40.0,17.999998615191277,11.0,OK,
166,40.0,23.24999861519128,11.0,OK,
167,,,,ERROR,Unable to retrieve attribute 'X'
168,41.0,19.499997329220864,4.0,OK,
169,40.0,20.99999867132002,12.0,OK,
170,42.0,28.49999723410069,3.0,OK,
171,41.0,25.49999861890941,6.0,OK,
172,40.0,16.49999422076871,11.0,OK,
173,40.999999295847594,21.74999953963647,5.0,OK,
174,,,,ERROR,Unable to retrieve attribute 'X'
175,41.0,30.74999815854588,6.0,OK,
176,40.0,17.999994728063108,9.0,OK,
177,41.0,29.99994560285497,7.0,OK,
178,40.0,24.749998660505252,10.0,OK,
179,,,,ERROR,Unable to retrieve attribute 'X'
180,41.0,23.24999907927294,6.0,OK,
181,,,,ERROR,Unable to retrieve attribute 'X'
182,,,,ERROR,Unable to retrieve attribute 'X'
183,,,,ERROR,Unable to retrieve attribute 'X'
184,40.0,21.74999861519128,12.0,OK,
185,40.0,23.24999861890941,12.0,OK,
186,,,,ERROR,Unable to retrieve attribute 'X'
187,,,,ERROR,Unable to retrieve attribute 'X'
188,41.0,32.99999679169745,7.0,OK,
189,,,,ERROR,Unable to retrieve attribute 'X'
190,42.0,33.7499986189094,3.0,OK,
191,,,,ERROR,Unable to retrieve attribute 'X'
192,,,,ERROR,Unable to retrieve attribute 'X'
193,40.0,21.749997691365778,12.0,OK,
194,41.0,23.249997698182348,5.0,OK,
195,,,,ERROR,Unable to retrieve attribute 'X'
196,41.0,23.99999826288145,5.0,OK,
197,,,,ERROR,Unable to retrieve attribute 'X'
198,,,,ERROR,Unable to retrieve attribute 'X'
199,40.0,19.499999006077104,12.0,OK,
200,40.0,18.749998158546187,10.0,OK,
201,,,,ERROR,Unable to retrieve attribute 'X'
202,,,,ERROR,Unable to retrieve attribute 'X'
203,,,,ERROR,Unable to retrieve attribute 'X'
204,41.0,21.74999861890941,7.0,OK,
205,42.0,29.24999869964459,4.0,OK,
206,,,,ERROR,Unable to retrieve attribute 'X'
207,41.0,23.25,5.0,OK,
208,,,,ERROR,Unable to retrieve attribute 'X'
209,,,,ERROR,Unable to retrieve attribute 'X'
210,,,,ERROR,Unable to retrieve attribute 'X'
211,41.0,27.749998716065328,6.0,OK,
212,,,,ERROR,Unable to retrieve attribute 'X'
213,40.0,20.999998662398568,9.0,OK,
214,,,,ERROR,Unable to retrieve attribute 'X'
215,,,,ERROR,Unable to retrieve attribute 'X'
216,,,,ERROR,Unable to retrieve attribute 'X'
217,40.0,26.24999815482775,11.0,OK,
218,,,,ERROR,Unable to retrieve attribute 'X'
219,41.0,24.749999441469342,6.0,OK,
220,41.0,26.999994945260347,6.0,OK,
221,,,,ERROR,Unable to retrieve attribute 'X'
222,,,,ERROR,Unable to retrieve attribute 'X'
223,40.0,20.99999769818235,9.0,OK,
224,41.0,26.99999769446422,6.0,OK,
225,41.0,18.0,5.0,OK,
226,40.0,20.99999815482775,10.0,OK,
227,,,,ERROR,Unable to retrieve attribute 'X'
228,,,,ERROR,Unable to retrieve attribute 'X'
229,40.0,19.499998321642373,9.0,OK,
230,41.0,20.249999076794186,5.0,OK,
231,41.0,29.24999953591834,6.0,OK,
232,40.0,20.999997928642884,12.0,OK,
233,42.0,29.99999907927294,4.0,OK,
234,41.0,27.749999092025657,6.0,OK,
235,41.0,20.99999960357893,6.0,OK,
236,40.0,20.24999815854588,12.0,OK,
237,40.0,14.249993333469657,9.0,OK,
238,40.0,22.499994728063108,11.0,OK,
239,,,,ERROR,Unable to retrieve attribute 'X'
240,,,,ERROR,Unable to retrieve attribute 'X'
241,,,,ERROR,Unable to retrieve attribute 'X'
242,41.0,25.49999769818235,6.0,OK,
243,,,,ERROR,Unable to retrieve attribute 'X'
244,41.0,23.99999303964968,6.0,OK,
245,41.0,21.749999879023086,4.0,OK,
246,40.0,23.999999505410038,10.0,OK,
247,40.0,17.999994423460418,10.0,OK,
248,41.0,24.749995978644797,7.0,OK,
249,,,,ERROR,Unable to retrieve attribute 'X'
250,41.0,15.749999075554811,5.0,OK,
251,,,,ERROR,Unable to retrieve attribute 'X'
252,41.0,25.499997340071424,8.0,OK,
253,,,,ERROR,Unable to retrieve attribute 'X'
254,,,,ERROR,Unable to retrieve attribute 'X'
255,,,,ERROR,Unable to retrieve attribute 'X'
256,,,,ERROR,Unable to retrieve attribute 'X'
257,,,,ERROR,Unable to retrieve attribute 'X'
258,,,,ERROR,Unable to retrieve attribute 'X'
259,40.0,22.499995396364703,11.0,OK,
260,40.0,23.99999907927294,11.0,OK,
261,41.0,30.74999861890941,7.0,OK,
262,40.0,20.999998600635166,10.0,OK,
263,,,,ERROR,Unable to retrieve attribute 'X'
264,,,,ERROR,Unable to retrieve attribute 'X'
265,,,,ERROR,Unable to retrieve attribute 'X'
266,41.0,23.24999907927294,6.0,OK,
267,,,,ERROR,Unable to retrieve attribute 'X'
268,41.0,23.24999769260516,5.0,OK,
269,41.0,24.74999953963647,6.0,OK,
270,,,,ERROR,Unable to retrieve attribute 'X'
271,,,,ERROR,Unable to retrieve attribute 'X'
272,,,,ERROR,Unable to retrieve attribute 'X'
273,40.0,20.99999861519128,9.0,OK,
274,,,,ERROR,Unable to retrieve attribute 'X'
275,40.0,22.499999205492337,12.0,OK,
276,,,,ERROR,Unable to retrieve attribute 'X'
277,,,,ERROR,Unable to retrieve attribute 'X'
278,40.0,22.49999396411672,11.0,OK,
279,41.0,28.499997698182348,5.0,OK,
280,,,,ERROR,Unable to retrieve attribute 'X'
281,,,,ERROR,Unable to retrieve attribute 'X'
282,40.0,14.99999399842569,11.0,OK,
283,41.0,20.999996491468053,5.0,OK,
284,41.0,20.24999856929093,5.0,OK,
285,41.0,21.749996420385184,6.0,OK,
286,,,,ERROR,Unable to retrieve attribute 'X'
287,,,,ERROR,Unable to retrieve attribute 'X'
288,41.0,27.74999711802026,7.0,OK,
289,,,,ERROR,Unable to retrieve attribute 'X'
290,40.0,18.74999953591834,11.0,OK,
291,,,,ERROR,Unable to retrieve attribute 'X'
292,,,,ERROR,Unable to retrieve attribute 'X'
293,41.0,23.99999815854588,5.0,OK,
294,,,,ERROR,Unable to retrieve attribute 'X'
295,,,,ERROR,Unable to retrieve attribute 'X'
296,40.0,23.249999073076054,13.0,OK,
297,40.0,20.24999823412437,10.0,OK,
298,,,,ERROR,Unable to retrieve attribute 'X'
299,41.0,26.99999907927294,8.0,OK,
300,40.0,23.249996313993318,11.0,OK,
301,,,,ERROR,Unable to retrieve attribute 'X'
302,,,,ERROR,Unable to retrieve attribute 'X'
303,41.0,21.749997710316663,5.0,OK,
304,,,,ERROR,Unable to retrieve attribute 'X'
305,41.0,29.24999907927294,7.0,OK,
306,40.0,20.24999907927294,10.0,OK,
307,40.0,16.499997237818818,12.0,OK,
308,41.0,20.24998704521196,7.0,OK,
309,,,,ERROR,Unable to retrieve attribute 'X'
310,,,,ERROR,Unable to retrieve attribute 'X'
311,40.0,16.499998616430634,10.0,OK,
312,41.0,26.999998121048076,6.0,OK,
313,40.0,19.499998668368782,11.0,OK,
314,,,,ERROR,Unable to retrieve attribute 'X'
315,41.0,23.99999907927294,7.0,OK,
316,40.0,16.49999769818235,11.0,OK,
317,,,,ERROR,Unable to retrieve attribute 'X'
318,41.0,32.99999907927294,7.0,OK,
319,,,,ERROR,Unable to retrieve attribute 'X'
320,40.0,17.24999907927294,10.0,OK,
321,,,,ERROR,Unable to retrieve attribute 'X'
322,,,,ERROR,Unable to retrieve attribute 'X'
323,,,,ERROR,Unable to retrieve attribute 'X'
324,41.0,27.749998618909412,7.0,OK,
325,40.0,23.24999808169775,12.0,OK,
326,,,,ERROR,Unable to retrieve attribute 'X'
327,40.0,25.49999907555481,13.0,OK,
328,,,,ERROR,Unable to retrieve attribute 'X'
329,40.0,19.49999861890941,11.0,OK,
330,41.0,28.49999354685267,6.0,OK,
331,,,,ERROR,Unable to retrieve attribute 'X'
332,,,,ERROR,Unable to retrieve attribute 'X'
333,40.0,22.499977626047627,11.0,OK,
334,40.0,17.249998152348994,13.0,OK,
335,,,,ERROR,Unable to retrieve attribute 'X'
336,,,,ERROR,Unable to retrieve attribute 'X'
337,41.0,22.499998491894942,6.0,OK,
338,,,,ERROR,Unable to retrieve attribute 'X'
339,41.0,27.74999815854588,7.0,OK,
340,,,,ERROR,Unable to retrieve attribute 'X'
341,,,,ERROR,Unable to retrieve attribute 'X'
342,40.0,23.24999768293585,10.0,OK,
343,41.0,28.499997698182348,6.0,OK,
344,,,,ERROR,Unable to retrieve attribute 'X'
345,,,,ERROR,Unable to retrieve attribute 'X'
346,,,,ERROR,Unable to retrieve attribute 'X'
347,41.0,33.74999815854588,10.0,OK,
348,41.0,29.24999907177294,7.0,OK,
349,,,,ERROR,Unable to retrieve attribute 'X'
350,41.0,31.49999723781882,9.0,OK,
351,,,,ERROR,Unable to retrieve attribute 'X'
352,,,,ERROR,Unable to retrieve attribute 'X'
353,,,,ERROR,Unable to retrieve attribute 'X'
354,42.0,34.499998568561,5.0,OK,
355,,,,ERROR,Unable to retrieve attribute 'X'
356,,,,ERROR,Unable to retrieve attribute 'X'
357,,,,ERROR,Unable to retrieve attribute 'X'
358,41.0,25.49999907927294,8.0,OK,
359,,,,ERROR,Unable to retrieve attribute 'X'
360,,,,ERROR,Unable to retrieve attribute 'X'
361,,,,ERROR,Unable to retrieve attribute 'X'
362,41.0,20.249999015488072,5.0,OK,
363,,,,ERROR,Unable to retrieve attribute 'X'
364,41.0,26.999999141429022,7.0,OK,
365,,,,ERROR,Unable to retrieve attribute 'X'
366,,,,ERROR,Unable to retrieve attribute 'X'
367,40.0,23.999999470886998,13.0,OK,
368,40.0,20.99999861890941,10.0,OK,
369,,,,ERROR,Unable to retrieve attribute 'X'
370,40.0,24.74999861890941,14.0,OK,
371,,,,ERROR,Unable to retrieve attribute 'X'
372,,,,ERROR,Unable to retrieve attribute 'X'
373,,,,ERROR,Unable to retrieve attribute 'X'
374,,,,ERROR,Unable to retrieve attribute 'X'
375,,,,ERROR,Unable to retrieve attribute 'X'
376,,,,ERROR,Unable to retrieve attribute 'X'
377,,,,ERROR,Unable to retrieve attribute 'X'
378,,,,ERROR,Unable to retrieve attribute 'X'
379,,,,ERROR,Unable to retrieve attribute 'X'
380,,,,ERROR,Unable to retrieve attribute 'X'
381,41.0,31.499993546985955,7.0,OK,
382,41.0,20.99999861890941,6.0,OK,
383,41.0,26.999998893509833,7.0,OK,
384,,,,ERROR,Unable to retrieve attribute 'X'
385,,,,ERROR,Unable to retrieve attribute 'X'
386,,,,ERROR,Unable to retrieve attribute 'X'
387,,,,ERROR,Unable to retrieve attribute 'X'
388,,,,ERROR,Unable to retrieve attribute 'X'
389,42.0,41.24999855512891,6.0,OK,
390,41.0,26.99999907927294,7.0,OK,
391,,,,ERROR,Unable to retrieve attribute 'X'
392,40.0,24.749996777455287,10.0,OK,
393,41.0,23.24999907927294,5.0,OK,
394,40.0,21.74999907927294,11.0,OK,
395,40.0,21.749999536780003,11.0,OK,
396,,,,ERROR,Unable to retrieve attribute 'X'
397,41.0,22.49999861890941,7.0,OK,
398,,,,ERROR,Unable to retrieve attribute 'X'
399,41.0,26.24999769446422,5.0,OK,
400,41.0,23.249997851105768,7.0,OK,
401,40.0,19.499992630271088,11.0,OK,
402,,,,ERROR,Unable to retrieve attribute 'X'
403,40.0,19.499998219656476,13.0,OK,
404,,,,ERROR,Unable to retrieve attribute 'X'
405,41.0,20.99999723410069,7.0,OK,
406,41.0,24.74999615253398,6.0,OK,
407,41.0,24.749998158545882,6.0,OK,
408,,,,ERROR,Unable to retrieve attribute 'X'
409,,,,ERROR,Unable to retrieve attribute 'X'
410,40.0,20.2499978870836,15.0,OK,
411,,,,ERROR,Unable to retrieve attribute 'X'
412,41.0,20.99999791894563,6.0,OK,
413,41.0,28.49999723775232,6.0,OK,
414,,,,ERROR,Unable to retrieve attribute 'X'
415,41.0,34.499996773509295,6.0,OK,
416,,,,ERROR,Unable to retrieve attribute 'X'
417,41.0,27.74999892953363,6.0,OK,
418,41.0,24.749996400718246,5.0,OK,
419,,,,ERROR,Unable to retrieve attribute 'X'
420,41.0,18.749999443384908,5.0,OK,
421,,,,ERROR,Unable to retrieve attribute 'X'
422,41.0,22.499997694216347,5.0,OK,
423,41.0,22.499997698182348,4.0,OK,
424,,,,ERROR,Unable to retrieve attribute 'X'
425,,,,ERROR,Unable to retrieve attribute 'X'
426,,,,ERROR,Unable to retrieve attribute 'X'
427,,,,ERROR,Unable to retrieve attribute 'X'
428,,,,ERROR,Unable to retrieve attribute 'X'
429,41.0,19.499998149250555,5.0,OK,
430,41.0,26.249999317340787,7.0,OK,
431,42.0,29.249997542239832,4.0,OK,
432,41.0,23.999998341796594,5.0,OK,
433,41.0,23.249996778027885,5.0,OK,
434,,,,ERROR,Unable to retrieve attribute 'X'
435,41.0,26.24999907927294,6.0,OK,
436,40.0,17.99999769446422,10.0,OK,
437,,,,ERROR,Unable to retrieve attribute 'X'
438,,,,ERROR,Unable to retrieve attribute 'X'
439,40.0,20.99999815854588,10.0,OK,
440,41.0,27.74999861890941,6.0,OK,
441,41.0,31.499998607366404,8.0,OK,
442,,,,ERROR,Unable to retrieve attribute 'X'
443,,,,ERROR,Unable to retrieve attribute 'X'
444,,,,ERROR,Unable to retrieve attribute 'X'
445,,,,ERROR,Unable to retrieve attribute 'X'
446,,,,ERROR,Unable to retrieve attribute 'X'
447,,,,ERROR,Unable to retrieve attribute 'X'
448,,,,ERROR,Unable to retrieve attribute 'X'
449,,,,ERROR,Unable to retrieve attribute 'X'
450,41.0,20.249996622286822,4.0,OK,
451,,,,ERROR,Unable to retrieve attribute 'X'
452,41.0,22.49999861519128,7.0,OK,
453,41.0,26.24999950448434,6.0,OK,
454,40.0,16.499998884427445,10.0,OK,
455,40.0,18.74999953963647,12.0,OK,
456,,,,ERROR,Unable to retrieve attribute 'X'
457,40.999999799999856,27.0,5.0,OK,
458,40.0,18.74999815854588,11.0,OK,
459,41.0,23.99999815854588,5.0,OK,
460,41.0,26.24999861890941,6.0,OK,
461,41.0,26.999998754868468,7.0,OK,
462,,,,ERROR,Unable to retrieve attribute 'X'
463,,,,ERROR,Unable to retrieve attribute 'X'
464,,,,ERROR,Unable to retrieve attribute 'X'
465,40.0,19.499999076794186,7.0,OK,
466,41.0,18.749999241047636,5.0,OK,
467,,,,ERROR,Unable to retrieve attribute 'X'
468,,,,ERROR,Unable to retrieve attribute 'X'
469,,,,ERROR,Unable to retrieve attribute 'X'
470,,,,ERROR,Unable to retrieve attribute 'X'
471,41.0,20.99999711782554,5.0,OK,
472,41.0,35.24999907927294,9.0,OK,
473,40.0,21.749998082492183,12.0,OK,
474,41.0,25.499999206037117,7.0,OK,
475,,,,ERROR,Unable to retrieve attribute 'X'
476,,,,ERROR,Unable to retrieve attribute 'X'
477,41.0,27.74999861147315,8.0,OK,
478,40.0,17.249997853746436,10.0,OK,
479,,,,ERROR,Unable to retrieve attribute 'X'
480,40.0,20.99999723410069,11.0,OK,
481,41.0,24.74999828356987,7.0,OK,
482,41.0,24.7499982817217,7.0,OK,
483,,,,ERROR,Unable to retrieve attribute 'X'
484,41.0,34.499998618909416,7.0,OK,
485,41.0,23.24999861519128,6.0,OK,
486,42.0,30.74999815854588,4.0,OK,
487,41.0,27.74999723410069,7.0,OK,
488,41.0,22.499999880622596,9.0,OK,
489,41.0,23.99999907927294,7.0,OK,
490,,,,ERROR,Unable to retrieve attribute 'X'
491,40.0,18.749994694584167,12.0,OK,
492,,,,ERROR,Unable to retrieve attribute 'X'
493,,,,ERROR,Unable to retrieve attribute 'X'
494,40.0,23.24999815854588,12.0,OK,
495,42.0,31.499997331682366,6.0,OK,
496,41.0,18.74999953668336,5.0,OK,
497,41.0,25.499992440510177,6.0,OK,
498,,,,ERROR,Unable to retrieve attribute 'X'
499,41.0,22.499998251209938,5.0,OK,
500,,,,ERROR,Unable to retrieve attribute 'X'
501,41.0,23.24999887833514,5.0,OK,
502,41.0,22.49999907927294,6.0,OK,
503,41.0,26.249997694464223,7.0,OK,
504,,,,ERROR,Unable to retrieve attribute 'X'
505,41.0,23.249995891939236,7.0,OK,
506,41.0,26.249995392479754,6.0,OK,
507,41.0,24.749998612712524,6.0,OK,
508,,,,ERROR,Unable to retrieve attribute 'X'
509,40.0,24.749997286878315,13.0,OK,
510,40.0,24.74999861515803,12.0,OK,
511,40.0,18.74998681028135,11.0,OK,
512,40.0,24.74999815557138,10.0,OK,
513,,,,ERROR,Unable to retrieve attribute 'X'
514,40.0,16.49999861147315,11.0,OK,
515,,,,ERROR,Unable to retrieve attribute 'X'
516,41.0,20.999998158545882,4.0,OK,
517,41.0,23.99999907555481,7.0,OK,
518,41.0,26.249994011195426,7.0,OK,
519,41.0,23.24999847047539,5.0,OK,
520,40.0,21.74999861519128,12.0,OK,
521,,,,ERROR,Unable to retrieve attribute 'X'
522,41.0,24.749997698182348,5.0,OK,
523,42.0,30.74999953963647,3.0,OK,
524,,,,ERROR,Unable to retrieve attribute 'X'
525,,,,ERROR,Unable to retrieve attribute 'X'
526,,,,ERROR,Unable to retrieve attribute 'X'
527,,,,ERROR,Unable to retrieve attribute 'X'
528,40.0,21.74999723410069,11.0,OK,
529,41.0,31.499999539636473,6.0,OK,
530,41.0,26.999987744338668,8.0,OK,
531,42.0,32.99999953963647,4.0,OK,
532,,,,ERROR,Unable to retrieve attribute 'X'
533,41.0,28.49999769446422,6.0,OK,
534,40.0,19.49999814843656,10.0,OK,
535,,,,ERROR,Unable to retrieve attribute 'X'
536,41.0,23.99999201814406,6.0,OK,
537,,,,ERROR,Unable to retrieve attribute 'X'
538,40.0,17.99999861890941,11.0,OK,
539,40.0,20.999997666342914,11.0,OK,
540,,,,ERROR,Unable to retrieve attribute 'X'
541,41.0,31.49999711160755,7.0,OK,
542,40.0,20.999998154727436,11.0,OK,
543,,,,ERROR,Unable to retrieve attribute 'X'
544,42.0,24.749998525113302,5.0,OK,
545,40.99999757516182,25.499999837983935,8.0,OK,
546,40.0,23.99998680933739,11.0,OK,
547,40.0,25.49999776394191,11.0,OK,
548,40.0,14.99999953591834,10.0,OK,
549,41.0,27.74999752237539,8.0,OK,
550,40.0,16.499999074734244,11.0,OK,
551,,,,ERROR,Unable to retrieve attribute 'X'
552,,,,ERROR,Unable to retrieve attribute 'X'
553,,,,ERROR,Unable to retrieve attribute 'X'
554,40.0,18.74999815854588,11.0,OK,
555,,,,ERROR,Unable to retrieve attribute 'X'
556,,,,ERROR,Unable to retrieve attribute 'X'
557,,,,ERROR,Unable to retrieve attribute 'X'
558,,,,ERROR,Unable to retrieve attribute 'X'
559,41.0,28.499997698182348,7.0,OK,
560,40.0,19.49999908703187,11.0,OK,
561,,,,ERROR,Unable to retrieve attribute 'X'
562,,,,ERROR,Unable to retrieve attribute 'X'
563,,,,ERROR,Unable to retrieve attribute 'X'
564,40.0,17.24999861890941,11.0,OK,
565,,,,ERROR,Unable to retrieve attribute 'X'
566,41.0,30.749997237818818,8.0,OK,
567,40.0,17.24999990548712,10.0,OK,
568,40.0,21.74999907927294,11.0,OK,
569,,,,ERROR,Unable to retrieve attribute 'X'
570,40.0,20.24999723410069,11.0,OK,
571,,,,ERROR,Unable to retrieve attribute 'X'
572,,,,ERROR,Unable to retrieve attribute 'X'
573,41.0,21.74999815854588,5.0,OK,
574,,,,ERROR,Unable to retrieve attribute 'X'
575,,,,ERROR,Unable to retrieve attribute 'X'
576,,,,ERROR,Unable to retrieve attribute 'X'
577,40.0,18.749997698182348,12.0,OK,
578,,,,ERROR,Unable to retrieve attribute 'X'
579,,,,ERROR,Unable to retrieve attribute 'X'
580,,,,ERROR,Unable to retrieve attribute 'X'
581,41.0,23.24999861519128,5.0,OK,
582,41.0,31.49999215787099,9.0,OK,
583,40.0,23.99999787263102,11.0,OK,
584,40.0,11.999998028495604,9.0,OK,
585,,,,ERROR,Unable to retrieve attribute 'X'
586,41.0,24.749996995035033,6.0,OK,
587,41.0,23.249997698182348,4.0,OK,
588,41.0,28.499998151109622,5.0,OK,
589,42.0,27.74999907555481,3.0,OK,
590,40.0,21.74999861519128,13.0,OK,
591,,,,ERROR,Unable to retrieve attribute 'X'
592,41.0,17.99999933527548,5.0,OK,
593,41.0,22.49999953963647,6.0,OK,
594,,,,ERROR,Unable to retrieve attribute 'X'
595,,,,ERROR,Unable to retrieve attribute 'X'
596,,,,ERROR,Unable to retrieve attribute 'X'
597,41.0,31.49999824017218,7.0,OK,
598,40.0,19.49999907927294,12.0,OK,
599,40.0,15.74999564816537,11.0,OK,
600,,,,ERROR,Unable to retrieve attribute 'X'
601,40.0,18.749994097857137,11.0,OK,
602,41.0,26.999990821162022,8.0,OK,
603,41.0,28.5,7.0,OK,
604,41.0,23.99999953963647,6.0,OK,
605,,,,ERROR,Unable to retrieve attribute 'X'
606,40.0,19.499999021192558,11.0,OK,
607,,,,ERROR,Unable to retrieve attribute 'X'
608,41.0,24.74999861890941,6.0,OK,
609,41.0,24.749999264045094,6.0,OK,
610,,,,ERROR,Unable to retrieve attribute 'X'
611,,,,ERROR,Unable to retrieve attribute 'X'
612,,,,ERROR,Unable to retrieve attribute 'X'
613,,,,ERROR,Unable to retrieve attribute 'X'
614,41.0,27.74999907555481,7.0,OK,
615,,,,ERROR,Unable to retrieve attribute 'X'
616,,,,ERROR,Unable to retrieve attribute 'X'
617,41.0,18.74999861519128,5.0,OK,
618,41.0,29.99999769446422,7.0,OK,
619,,,,ERROR,Unable to retrieve attribute 'X'
620,42.0,31.499998875,5.0,OK,
621,,,,ERROR,Unable to retrieve attribute 'X'
622,41.0,22.499998615988023,7.0,OK,
623,41.0,23.24999830820284,6.0,OK,
624,,,,ERROR,Unable to retrieve attribute 'X'
625,41.0,18.74999907927294,4.0,OK,
626,,,,ERROR,Unable to retrieve attribute 'X'
627,41.0,27.74999677125841,7.0,OK,
628,,,,ERROR,Unable to retrieve attribute 'X'
629,,,,ERROR,Unable to retrieve attribute 'X'
630,41.0,29.249997698182348,7.0,OK,
631,41.0,27.749999778179507,8.0,OK,
632,41.0,29.24999825772084,6.0,OK,
633,41.0,26.24999815463344,5.0,OK,
634,40.0,20.99999723410069,11.0,OK,
635,,,,ERROR,Unable to retrieve attribute 'X'
636,41.0,23.24999815482775,5.0,OK,
637,40.0,22.49999723410056,9.0,OK,
638,,,,ERROR,Unable to retrieve attribute 'X'
639,40.0,20.24999861519128,10.0,OK,
640,,,,ERROR,Unable to retrieve attribute 'X'
641,40.0,21.74999861890941,12.0,OK,
642,,,,ERROR,Unable to retrieve attribute 'X'
643,,,,ERROR,Unable to retrieve attribute 'X'
644,41.0,23.24999861519128,6.0,OK,
645,41.0,23.249996846114893,6.0,OK,
646,42.0,37.49999815854588,4.0,OK,
647,,,,ERROR,Unable to retrieve attribute 'X'
648,,,,ERROR,Unable to retrieve attribute 'X'
649,,,,ERROR,Unable to retrieve attribute 'X'
650,40.0,20.24999582349642,11.0,OK,
651,,,,ERROR,Unable to retrieve attribute 'X'
652,41.0,28.49999925000001,8.0,OK,
653,,,,ERROR,Unable to retrieve attribute 'X'
654,41.0,30.749998618909412,7.0,OK,
655,,,,ERROR,Unable to retrieve attribute 'X'
656,40.0,23.99999815854588,12.0,OK,
657,40.0,20.24999815854588,11.0,OK,
658,41.0,26.99999734861883,6.0,OK,
659,,,,ERROR,Unable to retrieve attribute 'X'
660,41.0,29.24999921752178,6.0,OK,
661,41.0,29.249980722553875,5.0,OK,
662,,,,ERROR,Unable to retrieve attribute 'X'
663,,,,ERROR,Unable to retrieve attribute 'X'
664,40.0,20.249998614996976,10.0,OK,
665,,,,ERROR,Unable to retrieve attribute 'X'
666,,,,ERROR,Unable to retrieve attribute 'X'
667,41.0,23.99999815854588,6.0,OK,
668,40.0,22.49999861519128,11.0,OK,
669,41.0,23.999997519424813,7.0,OK,
670,,,,ERROR,Unable to retrieve attribute 'X'
671,41.0,20.24999815482775,6.0,OK,
672,,,,ERROR,Unable to retrieve attribute 'X'
673,41.0,25.499997063432275,5.0,OK,
674,,,,ERROR,Unable to retrieve attribute 'X'
675,,,,ERROR,Unable to retrieve attribute 'X'
676,40.0,14.99999907927294,10.0,OK,
677,,,,ERROR,Unable to retrieve attribute 'X'
678,,,,ERROR,Unable to retrieve attribute 'X'
679,,,,ERROR,Unable to retrieve attribute 'X'
680,,,,ERROR,Unable to retrieve attribute 'X'
681,41.0,25.49998670072411,6.0,OK,
682,,,,ERROR,Unable to retrieve attribute 'X'
683,40.0,17.249998512557696,9.0,OK,
684,40.0,20.99999815482775,10.0,OK,
685,41.0,28.5,8.0,OK,
686,41.0,27.74999815854588,6.0,OK,
687,,,,ERROR,Unable to retrieve attribute 'X'
688,41.0,23.999996718102512,7.0,OK,
689,,,,ERROR,Unable to retrieve attribute 'X'
690,,,,ERROR,Unable to retrieve attribute 'X'
691,,,,ERROR,Unable to retrieve attribute 'X'
692,41.0,22.49999953591834,5.0,OK,
693,,,,ERROR,Unable to retrieve attribute 'X'
694,41.0,25.49999861519128,6.0,OK,
695,40.0,17.24999907927294,11.0,OK,
696,,,,ERROR,Unable to retrieve attribute 'X'
697,41.0,24.74999861890941,7.0,OK,
698,,,,ERROR,Unable to retrieve attribute 'X'
699,,,,ERROR,Unable to retrieve attribute 'X'
700,,,,ERROR,Unable to retrieve attribute 'X'
701,41.0,25.499998626668347,6.0,OK,
702,,,,ERROR,Unable to retrieve attribute 'X'
703,40.0,17.99999907555481,9.0,OK,
704,41.0,26.24999907555481,6.0,OK,
705,41.0,22.49999953963647,5.0,OK,
706,42.0,35.24999723781882,5.0,OK,
707,,,,ERROR,Unable to retrieve attribute 'X'
708,,,,ERROR,Unable to retrieve attribute 'X'
709,,,,ERROR,Unable to retrieve attribute 'X'
710,40.0,14.249998157306504,11.0,OK,
711,,,,ERROR,Unable to retrieve attribute 'X'
712,41.0,29.249997237785568,7.0,OK,
713,40.0,20.24999953591834,13.0,OK,
714,41.0,26.99999657710895,7.0,OK,
715,40.0,20.249998616430656,12.0,OK,
716,41.0,23.99999907927294,6.0,OK,
717,40.0,19.49999815854588,12.0,OK,
718,41.0,22.499997134152228,8.0,OK,
719,,,,ERROR,Unable to retrieve attribute 'X'
720,,,,ERROR,Unable to retrieve attribute 'X'
721,41.0,27.74999861890941,7.0,OK,
722,,,,ERROR,Unable to retrieve attribute 'X'
723,40.0,17.99999907555481,14.0,OK,
724,41.0,24.749998497413003,6.0,OK,
725,,,,ERROR,Unable to retrieve attribute 'X'
726,,,,ERROR,Unable to retrieve attribute 'X'
727,41.0,23.999997792763835,5.0,OK,
728,,,,ERROR,Unable to retrieve attribute 'X'
729,,,,ERROR,Unable to retrieve attribute 'X'
730,,,,ERROR,Unable to retrieve attribute 'X'
731,41.0,14.999999537157716,6.0,OK,
732,,,,ERROR,Unable to retrieve attribute 'X'
733,40.0,21.749994314977037,12.0,OK,
734,,,,ERROR,Unable to retrieve attribute 'X'
735,,,,ERROR,Unable to retrieve attribute 'X'
736,,,,ERROR,Unable to retrieve attribute 'X'
737,41.0,28.49999723410069,6.0,OK,
738,,,,ERROR,Unable to retrieve attribute 'X'
739,40.0,18.74999907927294,12.0,OK,
740,,,,ERROR,Unable to retrieve attribute 'X'
741,,,,ERROR,Unable to retrieve attribute 'X'
742,,,,ERROR,Unable to retrieve attribute 'X'
743,,,,ERROR,Unable to retrieve attribute 'X'
744,,,,ERROR,Unable to retrieve attribute 'X'
745,40.0,17.99999919294958,12.0,OK,
746,,,,ERROR,Unable to retrieve attribute 'X'
747,41.0,25.49999815482775,5.0,OK,
748,,,,ERROR,Unable to retrieve attribute 'X'
749,,,,ERROR,Unable to retrieve attribute 'X'
750,41.0,29.24999788065879,7.0,OK,
751,,,,ERROR,Unable to retrieve attribute 'X'
752,41.0,28.49999861890941,7.0,OK,
753,41.0,22.499998255114225,6.0,OK,
754,,,,ERROR,Unable to retrieve attribute 'X'
755,,,,ERROR,Unable to retrieve attribute 'X'
756,41.0,26.999997816237503,6.0,OK,
757,41.0,20.99999962626,6.0,OK,
758,,,,ERROR,Unable to retrieve attribute 'X'
759,,,,ERROR,Unable to retrieve attribute 'X'
760,,,,ERROR,Unable to retrieve attribute 'X'
761,,,,ERROR,Unable to retrieve attribute 'X'
762,,,,ERROR,Unable to retrieve attribute 'X'
763,41.0,35.249998150721005,9.0,OK,
764,,,,ERROR,Unable to retrieve attribute 'X'
765,,,,ERROR,Unable to retrieve attribute 'X'
766,41.0,21.749997658545396,7.0,OK,
767,,,,ERROR,Unable to retrieve attribute 'X'
768,40.0,20.24999907927293,11.0,OK,
769,40.0,19.49999320517733,10.0,OK,
770,41.0,29.999997689683767,8.0,OK,
771,,,,ERROR,Unable to retrieve attribute 'X'
772,,,,ERROR,Unable to retrieve attribute 'X'
773,,,,ERROR,Unable to retrieve attribute 'X'
774,,,,ERROR,Unable to retrieve attribute 'X'
775,,,,ERROR,Unable to retrieve attribute 'X'
776,,,,ERROR,Unable to retrieve attribute 'X'
777,,,,ERROR,Unable to retrieve attribute 'X'
778,41.0,22.49999815482775,6.0,OK,
779,41.0,21.75,5.0,OK,
780,,,,ERROR,Unable to retrieve attribute 'X'
781,40.0,20.24999861890941,11.0,OK,
782,40.0,20.249998613332217,11.0,OK,
783,,,,ERROR,Unable to retrieve attribute 'X'
784,,,,ERROR,Unable to retrieve attribute 'X'
785,41.0,23.24999907927294,6.0,OK,
786,41.0,22.49999769818235,5.0,OK,
787,,,,ERROR,Unable to retrieve attribute 'X'
788,41.0,28.49999815482775,6.0,OK,
789,41.0,26.999997211857906,6.0,OK,
790,41.0,26.99999769446422,6.0,OK,
791,41.0,19.4999972107979,5.0,OK,
792,,,,ERROR,Unable to retrieve attribute 'X'
793,41.0,24.74999907555481,5.0,OK,
794,41.0,28.49999907927294,6.0,OK,
795,41.0,24.74999861890941,6.0,OK,
796,41.0,26.99999907927294,7.0,OK,
797,41.0,26.24999815854588,6.0,OK,
798,41.0,23.24999822160713,6.0,OK,
799,,,,ERROR,Unable to retrieve attribute 'X'
800,41.0,24.74999861890941,5.0,OK,
801,41.0,29.999998597496777,7.0,OK,
802,,,,ERROR,Unable to retrieve attribute 'X'
803,41.0,20.249998152348994,5.0,OK,
804,40.0,23.99999953963647,10.0,OK,
805,41.0,24.74999953963647,7.0,OK,
806,41.0,28.49999848426276,7.0,OK,
807,,,,ERROR,Unable to retrieve attribute 'X'
808,,,,ERROR,Unable to retrieve attribute 'X'
809,,,,ERROR,Unable to retrieve attribute 'X'
810,,,,ERROR,Unable to retrieve attribute 'X'
811,,,,ERROR,Unable to retrieve attribute 'X'
812,40.0,21.749997237818818,9.0,OK,
813,41.0,25.49999908820114,7.0,OK,
814,,,,ERROR,Unable to retrieve attribute 'X'
815,,,,ERROR,Unable to retrieve attribute 'X'
816,,,,ERROR,Unable to retrieve attribute 'X'
817,41.0,20.99999822538073,5.0,OK,
818,41.0,20.249999067502372,6.0,OK,
819,,,,ERROR,Unable to retrieve attribute 'X'
820,40.0,15.749999076794186,11.0,OK,
821,,,,ERROR,Unable to retrieve attribute 'X'
822,,,,ERROR,Unable to retrieve attribute 'X'
823,41.0,29.249998158545857,7.0,OK,
824,41.0,29.99999769446422,6.0,OK,
825,40.0,22.49999815854588,10.0,OK,
826,41.0,26.249998158545882,6.0,OK,
827,,,,ERROR,Unable to retrieve attribute 'X'
828,41.0,26.999997690357475,7.0,OK,
829,,,,ERROR,Unable to retrieve attribute 'X'
830,41.0,26.24999537015297,5.0,OK,
831,,,,ERROR,Unable to retrieve attribute 'X'
832,41.0,23.99999861890941,6.0,OK,
833,41.0,20.99999718118685,5.0,OK,
834,,,,ERROR,Unable to retrieve attribute 'X'
835,41.0,24.74999861890941,5.0,OK,
836,40.0,23.99999907927294,11.0,OK,
837,,,,ERROR,Unable to retrieve attribute 'X'
838,,,,ERROR,Unable to retrieve attribute 'X'
839,41.0,26.249995365113943,8.0,OK,
840,,,,ERROR,Unable to retrieve attribute 'X'
841,41.0,19.49999815854588,6.0,OK,
842,40.0,14.249999075554811,9.0,OK,
843,,,,ERROR,Unable to retrieve attribute 'X'
844,40.0,20.99999446771273,10.0,OK,
845,40.0,14.999999050029926,11.0,OK,
846,,,,ERROR,Unable to retrieve attribute 'X'
847,,,,ERROR,Unable to retrieve attribute 'X'
848,40.0,18.74999815730649,12.0,OK,
849,41.0,21.749997690746092,5.0,OK,
850,,,,ERROR,Unable to retrieve attribute 'X'
851,41.0,32.99999815854588,6.0,OK,
852,,,,ERROR,Unable to retrieve attribute 'X'
853,,,,ERROR,Unable to retrieve attribute 'X'
854,,,,ERROR,Unable to retrieve attribute 'X'
855,,,,ERROR,Unable to retrieve attribute 'X'
856,,,,ERROR,Unable to retrieve attribute 'X'
857,,,,ERROR,Unable to retrieve attribute 'X'
858,40.0,15.749999203492271,11.0,OK,
859,41.0,23.9999976477849,7.0,OK,
860,40.0,21.749996842891463,10.0,OK,
861,41.0,21.74999907927294,6.0,OK,
862,,,,ERROR,Unable to retrieve attribute 'X'
863,41.0,19.49999861519128,6.0,OK,
864,,,,ERROR,Unable to retrieve attribute 'X'
865,,,,ERROR,Unable to retrieve attribute 'X'
866,41.0,21.749998478013826,6.0,OK,
867,,,,ERROR,Unable to retrieve attribute 'X'
868,,,,ERROR,Unable to retrieve attribute 'X'
869,,,,ERROR,Unable to retrieve attribute 'X'
870,42.0,23.999998014030332,5.0,OK,
871,,,,ERROR,Unable to retrieve attribute 'X'
872,42.0,28.499998611468307,4.0,OK,
873,41.0,21.749992848711592,4.0,OK,
874,40.0,26.99999907927294,14.0,OK,
875,41.0,24.74999832764985,6.0,OK,
876,40.0,19.49999631436513,12.0,OK,
877,40.0,20.24999907555481,10.0,OK,
878,41.0,27.74999953591834,8.0,OK,
879,41.0,25.499998099239413,7.0,OK,
880,,,,ERROR,Unable to retrieve attribute 'X'
881,,,,ERROR,Unable to retrieve attribute 'X'
882,40.0,17.249998896099907,10.0,OK,
883,41.0,29.24999953591834,7.0,OK,
884,,,,ERROR,Unable to retrieve attribute 'X'
885,40.0,21.74999653726294,11.0,OK,
886,41.0,27.74999365214665,8.0,OK,
887,40.0,20.249997893876518,12.0,OK,
888,,,,ERROR,Unable to retrieve attribute 'X'
889,,,,ERROR,Unable to retrieve attribute 'X'
890,,,,ERROR,Unable to retrieve attribute 'X'
891,40.0,17.999999346788258,11.0,OK,
892,41.0,17.999998140064594,6.0,OK,
893,,,,ERROR,Unable to retrieve attribute 'X'
894,,,,ERROR,Unable to retrieve attribute 'X'
895,41.0,19.499998616430684,7.0,OK,
896,41.0,21.74999769446422,6.0,OK,
897,40.0,14.249999071426997,10.0,OK,
898,41.0,23.99999861519128,7.0,OK,
899,,,,ERROR,Unable to retrieve attribute 'X'
900,,,,ERROR,Unable to retrieve attribute 'X'
901,40.0,20.999992626225648,11.0,OK,
902,41.0,27.74999631709178,7.0,OK,
903,,,,ERROR,Unable to retrieve attribute 'X'
904,40.0,18.74999861890941,13.0,OK,
905,41.0,29.999999075360503,7.0,OK,
906,41.0,21.74999789029437,6.0,OK,
907,,,,ERROR,Unable to retrieve attribute 'X'
908,41.0,32.249998154633445,9.0,OK,
909,41.0,23.99999927688312,6.0,OK,
910,,,,ERROR,Unable to retrieve attribute 'X'
911,41.0,32.24999821230857,7.0,OK,
912,41.0,28.49999936769722,7.0,OK,
913,,,,ERROR,Unable to retrieve attribute 'X'
914,,,,ERROR,Unable to retrieve attribute 'X'
915,40.0,21.74999631337363,9.0,OK,
916,,,,ERROR,Unable to retrieve attribute 'X'
917,41.0,26.24999907555481,7.0,OK,
918,41.0,19.499999252400215,5.0,OK,
919,40.0,17.249999949935614,11.0,OK,
920,,,,ERROR,Unable to retrieve attribute 'X'
921,40.0,17.999998616664612,12.0,OK,
922,41.0,19.4999976957036,5.0,OK,
923,41.0,25.499997565817594,7.0,OK,
924,41.0,26.249998988871972,8.0,OK,
925,,,,ERROR,Unable to retrieve attribute 'X'
926,41.0,25.499998251924833,7.0,OK,
927,,,,ERROR,Unable to retrieve attribute 'X'
928,,,,ERROR,Unable to retrieve attribute 'X'
929,,,,ERROR,Unable to retrieve attribute 'X'
930,41.0,24.0,6.0,OK,
931,,,,ERROR,Unable to retrieve attribute 'X'
932,,,,ERROR,Unable to retrieve attribute 'X'
933,,,,ERROR,Unable to retrieve attribute 'X'
934,40.0,19.499998356638308,11.0,OK,
935,,,,ERROR,Unable to retrieve attribute 'X'
936,41.0,24.7499958530101,6.0,OK,
937,,,,ERROR,Unable to retrieve attribute 'X'
938,,,,ERROR,Unable to retrieve attribute 'X'
939,,,,ERROR,Unable to retrieve attribute 'X'
940,,,,ERROR,Unable to retrieve attribute 'X'
941,,,,ERROR,Unable to retrieve attribute 'X'
942,41.0,23.99999850477669,8.0,OK,
943,41.0,25.499997698182348,6.0,OK,
944,41.0,29.249995372984344,7.0,OK,
945,41.0,17.99999953963647,4.0,OK,
946,41.0,21.74999907927294,5.0,OK,
947,,,,ERROR,Unable to retrieve attribute 'X'
948,,,,ERROR,Unable to retrieve attribute 'X'
949,,,,ERROR,Unable to retrieve attribute 'X'
950,40.0,17.999998551262983,10.0,OK,
951,40.0,17.99999858201462,10.0,OK,
952,41.0,29.999997698182348,8.0,OK,
953,40.0,17.24999861519128,10.0,OK,
954,41.0,24.749997793384132,6.0,OK,
955,41.0,20.99999861519128,5.0,OK,
956,,,,ERROR,Unable to retrieve attribute 'X'
957,40.0,23.999998212625947,11.0,OK,
958,41.0,25.499998155199563,7.0,OK,
959,41.0,22.49999815854588,3.0,OK,
960,,,,ERROR,Unable to retrieve attribute 'X'
961,,,,ERROR,Unable to retrieve attribute 'X'
962,,,,ERROR,Unable to retrieve attribute 'X'
963,,,,ERROR,Unable to retrieve attribute 'X'
964,41.0,30.749997233906385,8.0,OK,
965,41.0,27.74999306709292,6.0,OK,
966,,,,ERROR,Unable to retrieve attribute 'X'
967,,,,ERROR,Unable to retrieve attribute 'X'
968,41.0,26.99999861890941,8.0,OK,
969,,,,ERROR,Unable to retrieve attribute 'X'
970,,,,ERROR,Unable to retrieve attribute 'X'
971,40.0,15.74999860968037,10.0,OK,
972,,,,ERROR,Unable to retrieve attribute 'X'
973,41.0,25.49999907927294,5.0,OK,
974,,,,ERROR,Unable to retrieve attribute 'X'
975,,,,ERROR,Unable to retrieve attribute 'X'
976,41.0,24.74999815463344,7.0,OK,
977,,,,ERROR,Unable to retrieve attribute 'X'
978,,,,ERROR,Unable to retrieve attribute 'X'
979,40.0,20.99999861890941,11.0,OK,
980,40.0,21.749997690551783,11.0,OK,
981,41.0,25.499997698182348,5.0,OK,
982,41.0,23.999997694269915,4.0,OK,
983,41.0,25.49999815854588,6.0,OK,
984,,,,ERROR,Unable to retrieve attribute 'X'
985,,,,ERROR,Unable to retrieve attribute 'X'
986,41.0,26.999995856728233,7.0,OK,
987,,,,ERROR,Unable to retrieve attribute 'X'
988,40.0,22.49999769446422,11.0,OK,
989,41.0,27.74999723781882,5.0,OK,
990,41.0,23.999996837349876,6.0,OK,
991,41.0,30.749997698182348,8.0,OK,
992,40.0,20.249999300751846,11.0,OK,
993,,,,ERROR,Unable to retrieve attribute 'X'
994,41.0,33.74999861890941,7.0,OK,
995,41.0,20.999999593613296,5.0,OK,
996,41.0,20.9999982497938,5.0,OK,
997,41.0,27.749996816516074,8.0,OK,
998,,,,ERROR,Unable to retrieve attribute 'X'
999,41.0,23.999997698182348,5.0,OK,
